id,conversation_id,created_at,date,time,timezone,user_id,username,name,place,tweet,language,mentions,urls,photos,replies_count,retweets_count,likes_count,hashtags,cashtags,link,retweet,quote_url,video,thumbnail,near,geo,source,user_rt_id,user_rt,retweet_id,reply_to,retweet_date,translate,trans_src,trans_dest
1323470806240927745,1323470806240927745,2020-11-03 03:43:23 GMT,2020-11-03,03:43:23,+0000,25073877,realdonaldtrump,Donald J. Trump,,"Biden has vowed to ABOLISH the American oil and natural gas industries, and BAN fracking. As long as I am President, we will remain the number one producer of oil and natural gas on earth ‚Äì and we will remain Energy Independent!  https://t.co/gsFSghkmdM  https://t.co/v1RYeAvhC4",en,[],['http://Vote.DonaldJTrump.com'],['https://pbs.twimg.com/media/El3prSOXYAEsVVw.jpg'],6298,14305,68713,[],[],https://twitter.com/realDonaldTrump/status/1323470806240927745,False,,1,https://pbs.twimg.com/media/El3prSOXYAEsVVw.jpg,,,,,,,[],,,,
1323422929850372098,1323422929850372098,2020-11-03 00:33:09 GMT,2020-11-03,00:33:09,+0000,25073877,realdonaldtrump,Donald J. Trump,,"Sleepy Joe Biden has vowed to ABOLISH the American oil and natural gas industries, and BAN fracking. Biden‚Äôs energy ban will send every state into crushing poverty, from Michigan, to Wisconsin to Arizona to Pennsylvania.  https://t.co/gsFSghkmdM",en,[],['http://Vote.DonaldJTrump.com'],[],4760,9788,45196,[],[],https://twitter.com/realDonaldTrump/status/1323422929850372098,False,,0,,,,,,,,[],,,,
1322721970685923329,1322721970685923329,2020-11-01 02:07:47 GMT,2020-11-01,02:07:47,+0000,25073877,realdonaldtrump,Donald J. Trump,,"Joe Biden has vowed to ABOLISH American Oil and Natural Gas. Today I signed an order to strongly protect Pennsylvania's energy &amp; fracking industry. If Biden &amp; Harris get in, they will terminate this order and implement the Green New Deal. Get out and VOTE!  https://t.co/gsFSghkmdM  https://t.co/VJMr2IeIgo",en,[],['http://Vote.DonaldJTrump.com'],['https://pbs.twimg.com/media/EltAm78WoAQQycv.jpg'],4563,14192,58852,[],[],https://twitter.com/realDonaldTrump/status/1322721970685923329,False,,1,https://pbs.twimg.com/media/EltAm78WoAQQycv.jpg,,,,,,,[],,,,
1322661450540814336,1322661450540814336,2020-10-31 22:07:18 GMT,2020-10-31,22:07:18,+0000,25073877,realdonaldtrump,Donald J. Trump,,"Just signed an order to protect fracking and the oil and gas industry. This means JOBS, low energy bills, and continued AMERICAN ENERGY INDEPENDENCE! Sleepy Joe would BAN fracking and destroy American energy jobs! He has NO clue!!",en,[],[],[],17646,42604,209243,[],[],https://twitter.com/realDonaldTrump/status/1322661450540814336,False,,0,,,,,,,,[],,,,
1320817236106330112,1320817236106330112,2020-10-26 19:59:03 GMT,2020-10-26,19:59:03,+0000,25073877,realdonaldtrump,Donald J. Trump,,"Last week, Joe Biden made perhaps the most shocking admission ever uttered in the history of presidential debates. On live television, Joe Biden confirmed his plan to ABOLISH the entire U.S. Oil Industry‚Äîthat means NO fracking, NO jobs, and NO energy for Pennsylvania Families!",en,[],[],[],25563,41493,170110,[],[],https://twitter.com/realDonaldTrump/status/1320817236106330112,False,,0,,,,,,,,[],,,,
1315091623907385344,1315091623907385344,2020-10-11 01:47:31 BST,2020-10-11,01:47:31,+0000,25073877,realdonaldtrump,Donald J. Trump,,"Oklahoma, we need @StephanieBice in Congress! She delivers for our Teachers &amp; Students, and she will always protect your #2A &amp; Energy Jobs, unlike her opponent who votes against our Oil &amp; Gas industry. Stephanie has my Complete and Total Endorsement! #OK05  https://t.co/RwhCrMFAYq",en,"[{'screen_name': 'stephaniebice', 'name': 'stephanie bice', 'id': '32289500'}]",['https://secure.winred.com/biceforcongress/donate'],[],3295,11706,38707,"['2a', 'ok05']",[],https://twitter.com/realDonaldTrump/status/1315091623907385344,False,,0,,,,,,,,[],,,,
1314372012735959040,1314372012735959040,2020-10-09 02:08:02 BST,2020-10-09,02:08:02,+0000,25073877,realdonaldtrump,Donald J. Trump,,"Biden is against Oil, Guns and Religion, a very bad combination to be fighting in the Great State of Texas. We are Winning Big, in the Real Polls, all over the Country!!! NOVEMBER 3rd. VOTE!!!",en,[],[],[],42020,50391,245856,[],[],https://twitter.com/realDonaldTrump/status/1314372012735959040,False,,0,,,,,,,,[],,,,
1289877179791110144,1289877179791110144,2020-08-02 11:54:19 BST,2020-08-02,11:54:19,+0000,25073877,realdonaldtrump,Donald J. Trump,,"Was in the Great State of Texas this week and explained that the Radical Left Do Nothing Democrats, headed up by their great leader, Sleepy Joe Biden (who never leaves his basement), are strongly against ‚ÄúOil, Gas, Guns, &amp; God‚Äù. Must be tough to win Texas on that platform!",en,[],[],[],15330,20506,89701,[],[],https://twitter.com/realDonaldTrump/status/1289877179791110144,False,,0,,,,,,,,[],,,,
1262397998094594050,1262397998094594050,2020-05-18 16:01:51 BST,2020-05-18,16:01:51,+0000,25073877,realdonaldtrump,Donald J. Trump,,OIL (ENERGY) IS BACK!!!!,en,[],[],[],20798,34671,196285,[],[],https://twitter.com/realDonaldTrump/status/1262397998094594050,False,,0,,,,,,,,[],,,,
1260199923968081920,1260199923968081920,2020-05-12 14:27:29 BST,2020-05-12,14:27:29,+0000,25073877,realdonaldtrump,Donald J. Trump,,"Crude Oil prices going up as Saudi Arabia cuts production levels. Our great Energy Companies, with millions of JOBS, are starting to look very good again. At the same time, gasoline prices at record lows (like a big Tax Cut). The BEST of all Worlds. ‚ÄúTransition To Greatness‚Äù",en,[],[],[],11347,20547,84743,[],[],https://twitter.com/realDonaldTrump/status/1260199923968081920,False,,0,,,,,,,,[],,,,
1257650279740301314,1257650279740301314,2020-05-05 13:36:07 BST,2020-05-05,13:36:07,+0000,25073877,realdonaldtrump,Donald J. Trump,,Oil prices moving up nicely as demand begins again!,en,[],[],[],16743,24295,156880,[],[],https://twitter.com/realDonaldTrump/status/1257650279740301314,False,,0,,,,,,,,[],,,,
1252591306028785667,1252591306028785667,2020-04-21 14:33:34 BST,2020-04-21,14:33:34,+0000,25073877,realdonaldtrump,Donald J. Trump,,We will never let the great U.S. Oil &amp; Gas Industry down. I have instructed the Secretary of Energy and Secretary of the Treasury to formulate a plan which will make funds available so that these very important companies and jobs will be secured long into the future!,en,[],[],[],22603,29522,148203,[],[],https://twitter.com/realDonaldTrump/status/1252591306028785667,False,,0,,,,,,,,[],,,,
1250223610867986432,1250223610867986432,2020-04-15 01:45:11 BST,2020-04-15,01:45:11,+0000,25073877,realdonaldtrump,Donald J. Trump,,‚ÄúThe Art of an Oil Deal‚Äù  https://t.co/UyH5pYTmYw,en,[],['https://www.wsj.com/articles/the-art-of-an-oil-deal-11586819335'],[],16750,18365,77559,[],[],https://twitter.com/realDonaldTrump/status/1250223610867986432,False,,0,,,,,,,,[],,,,
1249422044564992001,1249422044564992001,2020-04-12 20:40:03 BST,2020-04-12,20:40:03,+0000,25073877,realdonaldtrump,Donald J. Trump,,The big Oil Deal with OPEC Plus is done. This will save hundreds of thousands of energy jobs in the United States. I would like to thank and congratulate President Putin of Russia and King Salman of Saudi Arabia. I just spoke to them from the Oval Office. Great deal for all!,en,[],[],[],15488,35905,151110,[],[],https://twitter.com/realDonaldTrump/status/1249422044564992001,False,,0,,,,,,,,[],,,,
1245720677660925952,1245720677660925952,2020-04-02 15:32:08 BST,2020-04-02,15:32:08,+0000,25073877,realdonaldtrump,Donald J. Trump,,"Just spoke to my friend MBS (Crown Prince) of Saudi Arabia, who spoke with President Putin of Russia, &amp; I expect &amp; hope that they will be cutting back approximately 10 Million Barrels, and maybe substantially more which, if it happens, will be GREAT for the oil &amp; gas industry!",en,[],[],[],40329,35897,148688,[],[],https://twitter.com/realDonaldTrump/status/1245720677660925952,False,,0,,,,,,,,[],,,,
1243313399284498434,1243313399284498434,2020-03-26 23:06:28 GMT,2020-03-26,23:06:28,+0000,25073877,realdonaldtrump,Donald J. Trump,,Our great Oil &amp; Gas industry is under under seige after having one of the best years in recorded history. It will get better than ever as soon as our Country starts up again. Vital that it does for our National Security!,en,[],[],[],19892,26004,139091,[],[],https://twitter.com/realDonaldTrump/status/1243313399284498434,False,,0,,,,,,,,[],,,,
1237024551294382081,1237024551294382081,2020-03-09 14:36:50 GMT,2020-03-09,14:36:50,+0000,25073877,realdonaldtrump,Donald J. Trump,,"Saudi Arabia and Russia are arguing over the price and flow of oil. That, and the Fake News, is the reason for the market drop!",en,[],[],[],24121,26049,99269,[],[],https://twitter.com/realDonaldTrump/status/1237024551294382081,False,,0,,,,,,,,[],,,,
1227703656633503747,1227703656633503747,2020-02-12 21:18:56 GMT,2020-02-12,21:18:56,+0000,25073877,realdonaldtrump,Donald J. Trump,,".@AugustPfluger is a Great Veteran and Strong Leader for Texas where he is running for Congress. He will protect your #2A, fight for our Farmers, Oil/Gas Workers, and he supports our #MAGA &amp; #KAG Agenda. August has my Complete and Total Endorsement!  https://t.co/aodsb5LWJz",en,"[{'screen_name': 'augustpfluger', 'name': 'august pfluger', 'id': '1021216905795899392'}]",['https://secure.winred.com/august-pfluger-for-congress/donate'],[],1602,12194,33036,"['2a', 'maga', 'kag']",[],https://twitter.com/realDonaldTrump/status/1227703656633503747,False,,0,,,,,,,,[],,,,
1214624074724466689,1214624074724466689,2020-01-07 19:05:20 GMT,2020-01-07,19:05:20,+0000,25073877,realdonaldtrump,Donald J. Trump,,"Had a very good meeting with @kbsalsaud of Saudi Arabia. We discussed Trade, Military, Oil Prices, Security, and Stability in the Middle East!",en,"[{'screen_name': 'kbsalsaud', 'name': 'khalid bin salman                  ÿÆÿßŸÑÿØ ÿ®ŸÜ ÿ≥ŸÑŸÖÿßŸÜ', 'id': '975194850994851840'}]",[],[],34313,31534,215537,[],[],https://twitter.com/realDonaldTrump/status/1214624074724466689,False,,0,,,,,,,,[],,,,
1190375830247104513,1190375828099674113,2019-11-01 21:11:28 GMT,2019-11-01,21:11:28,+0000,25073877,realdonaldtrump,Donald J. Trump,,"....in New York, and another reason they are leaving. Taxes and energy costs are way too high, Upstate is being allowed to die as other nearby states frack &amp; drill for Gold (oil) while reducing taxes &amp; creating jobs by the thousands. NYC is getting dirty &amp; unsafe again, as....",en,[],[],[],1058,5659,22243,[],[],https://twitter.com/realDonaldTrump/status/1190375830247104513,False,,0,,,,,,,,[],,,,
1187708412685107200,1187708410579603461,2019-10-25 13:32:06 BST,2019-10-25,13:32:06,+0000,25073877,realdonaldtrump,Donald J. Trump,,"....COMING HOME! We were supposed to be there for 30 days - That was 10 years ago. When these pundit fools who have called the Middle East wrong for 20 years ask what we are getting out of the deal, I simply say, THE OIL, AND WE ARE BRINGING OUR SOLDIERS BACK HOME, ISIS SECURED!",en,[],[],[],7994,10575,46624,[],[],https://twitter.com/realDonaldTrump/status/1187708412685107200,False,,0,,,,,,,,[],,,,
1187708411309375488,1187708410579603461,2019-10-25 13:32:06 BST,2019-10-25,13:32:06,+0000,25073877,realdonaldtrump,Donald J. Trump,,"....USA has gained Trillions of Dollars in wealth since November 2016. All others way down. Our power is Economic before having to use our newly rebuilt Military, a much better alternative. Oil is secured. Our soldiers have left and are leaving Syria for other places, then....",en,[],[],[],3743,8991,41479,[],[],https://twitter.com/realDonaldTrump/status/1187708411309375488,False,,0,,,,,,,,[],,,,
1187395521805275137,1187395521805275137,2019-10-24 16:48:47 BST,2019-10-24,16:48:47,+0000,25073877,realdonaldtrump,Donald J. Trump,,"I really enjoyed my conversation with General @MazloumAbdi. He appreciates what we have done, and I appreciate what the Kurds have done. Perhaps it is time for the Kurds to start heading to the Oil Region!",en,"[{'screen_name': 'mazloumabdi', 'name': 'mazloum abd√Æ ŸÖÿ∏ŸÑŸàŸÖ ÿπÿ®ÿØŸä', 'id': '1187079633298214912'}]",[],[],13829,13245,56840,[],[],https://twitter.com/realDonaldTrump/status/1187395521805275137,False,,0,,,,,,,,[],,,,
1187389630271934464,1187389630271934464,2019-10-24 16:25:23 BST,2019-10-24,16:25:23,+0000,25073877,realdonaldtrump,Donald J. Trump,,The Oil Fields discussed in my speech on Turkey/Kurds yesterday were held by ISIS until the United States took them over with the help of the Kurds. We will NEVER let a reconstituted ISIS have those fields!,en,[],[],[],10971,15226,64611,[],[],https://twitter.com/realDonaldTrump/status/1187389630271934464,False,,0,,,,,,,,[],,,,
1185934502906007552,1185934502906007552,2019-10-20 16:03:13 BST,2019-10-20,16:03:13,+0000,25073877,realdonaldtrump,Donald J. Trump,,"‚ÄúThe ceasefire is holding up very nicely. There are some minor skirmishes that have ended quickly. New areas being resettled with Kurds. U.S. soldiers are not in combat or ceasefire zone. We have secured the Oil.‚Äù Mark Esper, Secretary of Defense. Ending endless wars!",en,[],[],[],18871,17399,71945,[],[],https://twitter.com/realDonaldTrump/status/1185934502906007552,False,,0,,,,,,,,[],,,,
1185219642668867585,1185219641972539392,2019-10-18 16:42:37 BST,2019-10-18,16:42:37,+0000,25073877,realdonaldtrump,Donald J. Trump,,".....this thinking years ago. Instead, it was always held together with very weak bandaids, &amp; in an artificial manner. There is good will on both sides &amp; a really good chance for success. The U.S. has secured the Oil, &amp; the ISIS Fighters are double secured by Kurds &amp; Turkey....",en,[],[],[],3285,10160,45923,[],[],https://twitter.com/realDonaldTrump/status/1185219642668867585,False,,0,,,,,,,,[],,,,
1173564172635914247,1173564171847385089,2019-09-16 12:47:57 BST,2019-09-16,12:47:57,+0000,25073877,realdonaldtrump,Donald J. Trump,,"...The United States, because of the Federal Reserve, is paying a MUCH higher Interest Rate than other competing countries. They can‚Äôt believe how lucky they are that Jay Powell &amp; the Fed don‚Äôt have a clue. And now, on top of it all, the Oil hit. Big Interest Rate Drop, Stimulus!",en,[],[],[],2449,7417,32131,[],[],https://twitter.com/realDonaldTrump/status/1173564172635914247,False,,0,,,,,,,,[],,,,
1173560246863876096,1173560246863876096,2019-09-16 12:32:21 BST,2019-09-16,12:32:21,+0000,25073877,realdonaldtrump,Donald J. Trump,,"Because we have done so well with Energy over the last few years (thank you, Mr. President!), we are a net Energy Exporter, &amp; now the Number One Energy Producer in the World. We don‚Äôt need Middle Eastern Oil &amp; Gas, &amp; in fact have very few tankers there, but will help our Allies!",en,[],[],[],9459,14022,62983,[],[],https://twitter.com/realDonaldTrump/status/1173560246863876096,False,,0,,,,,,,,[],,,,
1173368574406250496,1173368574406250496,2019-09-15 23:50:42 BST,2019-09-15,23:50:42,+0000,25073877,realdonaldtrump,Donald J. Trump,,PLENTY OF OIL!,en,[],[],[],13128,21053,103697,[],[],https://twitter.com/realDonaldTrump/status/1173368574406250496,False,,0,,,,,,,,[],,,,
1173368423381962752,1173368423381962752,2019-09-15 23:50:06 BST,2019-09-15,23:50:06,+0000,25073877,realdonaldtrump,Donald J. Trump,,"Saudi Arabia oil supply was attacked. There is reason to believe that we know the culprit, are locked and loaded depending on verification, but are waiting to hear from the Kingdom as to who they believe was the cause of this attack, and under what terms we would proceed!",en,[],[],[],31670,20208,77055,[],[],https://twitter.com/realDonaldTrump/status/1173368423381962752,False,,0,,,,,,,,[],,,,
1173354645642764289,1173354644636127232,2019-09-15 22:55:22 BST,2019-09-15,22:55:22,+0000,25073877,realdonaldtrump,Donald J. Trump,,....sufficient to keep the markets well-supplied. I have also informed all appropriate agencies to expedite approvals of the oil pipelines currently in the permitting process in Texas and various other States.,en,[],[],[],3702,13021,61283,[],[],https://twitter.com/realDonaldTrump/status/1173354645642764289,False,,0,,,,,,,,[],,,,
1173354644636127232,1173354644636127232,2019-09-15 22:55:21 BST,2019-09-15,22:55:21,+0000,25073877,realdonaldtrump,Donald J. Trump,,"Based on the attack on Saudi Arabia, which may have an impact on oil prices, I have authorized the release of oil from the Strategic Petroleum Reserve, if needed, in a to-be-determined amount....",en,[],[],[],5161,17351,74854,[],[],https://twitter.com/realDonaldTrump/status/1173354644636127232,False,,0,,,,,,,,[],,,,
1143128642878410752,1143128642878410752,2019-06-24 13:08:01 BST,2019-06-24,13:08:01,+0000,25073877,realdonaldtrump,Donald J. Trump,,"China gets 91% of its Oil from the Straight, Japan 62%, &amp; many other countries likewise. So why are we protecting the shipping lanes for other countries (many years) for zero compensation. All of these countries should be protecting their own ships on what has always been....",en,[],[],[],14444,24452,121075,[],[],https://twitter.com/realDonaldTrump/status/1143128642878410752,False,,0,,,,,,,,[],,,,
1121844339200540672,1121844339200540672,2019-04-26 19:31:47 BST,2019-04-26,19:31:47,+0000,25073877,realdonaldtrump,Donald J. Trump,,"Spoke to Saudi Arabia and others about increasing oil flow. All are in agreement. The California tax on gasoline is causing big problems on pricing for that state. Speak to your Governor about reducing. Economic numbers, 3.2% GDP for what is often worst quarter, looking good!",en,[],[],[],9876,16304,68137,[],[],https://twitter.com/realDonaldTrump/status/1121844339200540672,False,,0,,,,,,,,[],,,,
1120320642686038016,1120320642686038016,2019-04-22 14:37:10 BST,2019-04-22,14:37:10,+0000,25073877,realdonaldtrump,Donald J. Trump,,Saudi Arabia and others in OPEC will more than make up the Oil Flow difference in our now Full Sanctions on Iranian Oil. Iran is being given VERY BAD advice by @JohnKerry and people who helped him lead the U.S. into the very bad Iran Nuclear Deal. Big violation of Logan Act?,en,"[{'screen_name': 'johnkerry', 'name': 'john kerry', 'id': '15007149'}]",[],[],9422,19130,65483,[],[],https://twitter.com/realDonaldTrump/status/1120320642686038016,False,,0,,,,,,,,[],,,,
1111244058570248199,1111244058570248199,2019-03-28 12:30:04 GMT,2019-03-28,12:30:04,+0000,25073877,realdonaldtrump,Donald J. Trump,,"Very important that OPEC increase the flow of Oil. World Markets are fragile, price of Oil getting too high. Thank you!",en,[],[],[],9049,16394,80766,[],[],https://twitter.com/realDonaldTrump/status/1111244058570248199,False,,0,,,,,,,,[],,,,
1100002139282309121,1100002139282309121,2019-02-25 11:58:41 GMT,2019-02-25,11:58:41,+0000,25073877,realdonaldtrump,Donald J. Trump,,"Oil prices getting too high. OPEC, please relax and take it easy. World cannot take a price hike - fragile!",en,[],[],[],6890,14780,75184,[],[],https://twitter.com/realDonaldTrump/status/1100002139282309121,False,,0,,,,,,,,[],,,,
1094375749279248385,1094375749279248385,2019-02-09 23:21:25 GMT,2019-02-09,23:21:25,+0000,25073877,realdonaldtrump,Donald J. Trump,,"I think it is very important for the Democrats to press forward with their Green New Deal. It would be great for the so-called ‚ÄúCarbon Footprint‚Äù to permanently eliminate all Planes, Cars, Cows, Oil, Gas &amp; the Military - even if no other country would do the same. Brilliant!",en,[],[],[],35299,33342,151165,[],[],https://twitter.com/realDonaldTrump/status/1094375749279248385,False,,0,,,,,,,,[],,,,
1090566017238093824,1090566017238093824,2019-01-30 11:02:54 GMT,2019-01-30,11:02:54,+0000,25073877,realdonaldtrump,Donald J. Trump,,Maduro willing to negotiate with opposition in Venezuela following U.S. sanctions and the cutting off of oil revenues. Guaido is being targeted by Venezuelan Supreme Court. Massive protest expected today. Americans should not travel to Venezuela until further notice.,en,[],[],[],6772,24406,76846,[],[],https://twitter.com/realDonaldTrump/status/1090566017238093824,False,,0,,,,,,,,[],,,,
1087892911734382592,1087892911734382592,2019-01-23 02:00:56 GMT,2019-01-23,02:00:56,+0000,25073877,realdonaldtrump,Donald J. Trump,,"Deroy Murdock, National Review: ‚ÄúWe are now exporting oil, which is the first time in my lifetime - we are right now the largest producer of oil and gas. This is not good if you‚Äôre Vladimir Putin where your chief export is oil. W.H. Agent - Not good for Kremlin.‚Äù @TuckerCarlson",en,"[{'screen_name': 'tuckercarlson', 'name': 'tucker carlson', 'id': '22703645'}]",[],[],16997,23581,102493,[],[],https://twitter.com/realDonaldTrump/status/1087892911734382592,False,,0,,,,,,,,[],,,,
1084785809000185862,1084785809000185862,2019-01-14 12:14:25 GMT,2019-01-14,12:14:25,+0000,25073877,realdonaldtrump,Donald J. Trump,,"‚ÄúGas prices drop across the United States because President Trump has deregulated Energy and we are now  producing a great deal more oil than ever before.‚Äù @foxandfriends  But this is bad news for Russia, why would President Trump do such a thing? Thought he worked for Kremlin?",en,"[{'screen_name': 'foxandfriends', 'name': 'fox & friends', 'id': '15513604'}]",[],[],11770,15900,72962,[],[],https://twitter.com/realDonaldTrump/status/1084785809000185862,False,,0,,,,,,,,[],,,,
1070328136150200320,1070328136150200320,2018-12-05 14:44:48 GMT,2018-12-05,14:44:48,+0000,25073877,realdonaldtrump,Donald J. Trump,,"Hopefully OPEC will be keeping oil flows as is, not restricted. The World does not want to see, or need, higher oil prices!",en,[],[],[],13329,13976,73051,[],[],https://twitter.com/realDonaldTrump/status/1070328136150200320,False,,0,,,,,,,,[],,,,
1066689688600281088,1066689688600281088,2018-11-25 13:46:54 GMT,2018-11-25,13:46:54,+0000,25073877,realdonaldtrump,Donald J. Trump,,"So great that oil prices are falling (thank you President T). Add that, which is like a big Tax Cut, to our other good Economic news. Inflation down (are you listening Fed)!",en,[],[],[],31544,18722,95148,[],[],https://twitter.com/realDonaldTrump/status/1066689688600281088,False,,0,,,,,,,,[],,,,
1065575219576926208,1065575219576926208,2018-11-22 11:58:24 GMT,2018-11-22,11:58:24,+0000,25073877,realdonaldtrump,Donald J. Trump,,"‚ÄúIt‚Äôs a mean &amp; nasty world out there, the Middle East in particular. This is a long and historic commitment, &amp; one that is absolutely vital to America‚Äôs national security.‚Äù @SecPompeo  I agree 100%. In addition, many Billions of Dollars of purchases made in U.S., big Jobs &amp; Oil!",en,"[{'screen_name': 'secpompeo', 'name': 'secretary pompeo', 'id': '988573326376427520'}]",[],[],12289,10205,48485,[],[],https://twitter.com/realDonaldTrump/status/1065575219576926208,False,,0,,,,,,,,[],,,,
1065225779825598465,1065225779825598465,2018-11-21 12:49:51 GMT,2018-11-21,12:49:51,+0000,25073877,realdonaldtrump,Donald J. Trump,,"Oil prices getting lower. Great! Like a big Tax Cut for America and the World. Enjoy! $54, was just $82. Thank you to Saudi Arabia, but let‚Äôs go lower!",en,[],[],[],39526,24775,98940,[],[],https://twitter.com/realDonaldTrump/status/1065225779825598465,False,,0,,,,,,,,[],,,,
1062047641889095684,1062047641889095684,2018-11-12 18:21:04 GMT,2018-11-12,18:21:04,+0000,25073877,realdonaldtrump,Donald J. Trump,,"Hopefully, Saudi Arabia and OPEC will not be cutting oil production. Oil prices should be much lower based on supply!",en,[],[],[],12873,14367,63933,[],[],https://twitter.com/realDonaldTrump/status/1062047641889095684,False,,0,,,,,,,,[],,,,
1042733544466989057,1042733544466989057,2018-09-20 12:13:44 BST,2018-09-20,12:13:44,+0000,25073877,realdonaldtrump,Donald J. Trump,,"We protect the countries of the Middle East, they would not be safe for very long without us, and yet they continue to push for higher and higher oil prices! We will remember. The OPEC monopoly must get prices down now!",en,[],[],[],11560,16111,69425,[],[],https://twitter.com/realDonaldTrump/status/1042733544466989057,False,,0,,,,,,,,[],,,,
1013023608040513537,1013023608040513537,2018-06-30 12:37:03 BST,2018-06-30,12:37:03,+0000,25073877,realdonaldtrump,Donald J. Trump,,"Just spoke to King Salman of Saudi Arabia and explained to him that, because of the turmoil &amp; disfunction in Iran and Venezuela, I am asking that Saudi Arabia increase oil production, maybe up to 2,000,000 barrels, to make up the difference...Prices to high! He has agreed!",en,[],[],[],25117,33215,130272,[],[],https://twitter.com/realDonaldTrump/status/1013023608040513537,False,,0,,,,,,,,[],,,,
1006866982833131520,1006866982833131520,2018-06-13 12:52:50 BST,2018-06-13,12:52:50,+0000,25073877,realdonaldtrump,Donald J. Trump,,"Oil prices are too high, OPEC is at it again. Not good!",en,[],[],[],14090,18972,93815,[],[],https://twitter.com/realDonaldTrump/status/1006866982833131520,False,,0,,,,,,,,[],,,,
987284041304100864,987284041304100864,2018-04-20 11:57:12 BST,2018-04-20,11:57:12,+0000,25073877,realdonaldtrump,Donald J. Trump,,"Looks like OPEC is at it again. With record amounts of Oil all over the place, including the fully loaded ships at sea, Oil prices are artificially Very High! No good and will not be accepted!",en,[],[],[],14652,18906,82134,[],[],https://twitter.com/realDonaldTrump/status/987284041304100864,False,,0,,,,,,,,[],,,,
946416486054285314,946416486054285314,2017-12-28 16:24:08 GMT,2017-12-28,16:24:08,+0000,25073877,realdonaldtrump,Donald J. Trump,,Caught RED HANDED - very disappointed that China is allowing oil to go into North Korea. There will never be a friendly solution to the North Korea problem if this continues to happen!,en,[],[],[],21590,24732,104886,[],[],https://twitter.com/realDonaldTrump/status/946416486054285314,False,,0,,,,,,,,[],,,,
891253798500487168,891253798500487168,2017-07-29 12:07:18 BST,2017-07-29,12:07:18,+0000,25073877,realdonaldtrump,Donald J. Trump,,"In other words, Russia was against Trump in the 2016 Election - and why not, I want strong military &amp; low oil prices. Witch Hunt!  https://t.co/mMSxj4Su5z",en,[],['https://twitter.com/foxandfriends/status/890848095424180225'],[],17546,14749,51988,[],[],https://twitter.com/realDonaldTrump/status/891253798500487168,False,https://twitter.com/foxandfriends/status/890848095424180225,0,,,,,,,,[],,,,
738576209726955524,738576209726955524,2016-06-03 04:41:05 BST,2016-06-03,04:41:05,+0000,25073877,realdonaldtrump,Donald J. Trump,,"After @TrumpTurnberry I will be visiting Aberdeen, the oil capital of Europe, to see my great club, @TrumpScotland.",en,"[{'screen_name': 'trumpturnberry', 'name': 'trump turnberry', 'id': '54013169'}, {'screen_name': 'trumpscotland', 'name': 'trump international, scotland', 'id': '1140041857'}]",[],[],404,1430,5548,[],[],https://twitter.com/realDonaldTrump/status/738576209726955524,False,,0,,,,,,,,[],,,,
713012045214531584,713012045214531584,2016-03-24 14:38:13 GMT,2016-03-24,14:38:13,+0000,25073877,realdonaldtrump,Donald J. Trump,,"It is amazing how often I am right, only to be criticized by the media. Illegal immigration, take the oil, build the wall, Muslims, NATO!",en,[],[],[],2160,5948,17747,[],[],https://twitter.com/realDonaldTrump/status/713012045214531584,False,,0,,,,,,,,[],,,,
708658225198006273,708658225198006273,2016-03-12 14:17:41 GMT,2016-03-12,14:17:41,+0000,25073877,realdonaldtrump,Donald J. Trump,,"Ohio had the biggest budget increase in the U.S. If it were not for striking oil, they would be bust! Governor Kasich in favor of TPP fraud!",en,[],[],[],815,3481,9167,[],[],https://twitter.com/realDonaldTrump/status/708658225198006273,False,,0,,,,,,,,[],,,,
703904675289042945,703904675289042945,2016-02-28 11:28:47 GMT,2016-02-28,11:28:47,+0000,25073877,realdonaldtrump,Donald J. Trump,,"While I hear the Koch brothers are in big financial trouble (oil), word is they have chosen little Marco Rubio, the lightweight from Florida",en,[],[],[],1068,2610,6600,[],[],https://twitter.com/realDonaldTrump/status/703904675289042945,False,,0,,,,,,,,[],,,,
683739850185543681,683739850185543681,2016-01-03 20:00:58 GMT,2016-01-03,20:00:58,+0000,25073877,realdonaldtrump,Donald J. Trump,,"Iran, with all of the money and all else given to them by Obama, has wanted a way to take over Saudi Arabia &amp; their oil. THEY JUST FOUND IT!",en,[],[],[],836,2021,4186,[],[],https://twitter.com/realDonaldTrump/status/683739850185543681,False,,0,,,,,,,,[],,,,
677702212215308288,677702212215308288,2015-12-18 04:09:33 GMT,2015-12-18,04:09:33,+0000,25073877,realdonaldtrump,Donald J. Trump,,#ISIS is making $400M/year on oil. I have been saying it for years. We need to bomb the oil!  https://t.co/vObIAhilWs  https://t.co/teKBaKdXzK,en,[],['https://www.facebook.com/DonaldTrump/posts/10156425109365725'],['https://pbs.twimg.com/media/CWeujtVWwAE-pa4.jpg'],1318,3582,7787,['isis'],[],https://twitter.com/realDonaldTrump/status/677702212215308288,False,,1,https://pbs.twimg.com/media/CWeujtVWwAE-pa4.jpg,,,,,,,[],,,,
673675346030542848,673675346030542848,2015-12-07 01:28:13 GMT,2015-12-07,01:28:13,+0000,25073877,realdonaldtrump,Donald J. Trump,,Should have gone after the oil years ago (like I have been saying).,en,[],[],[],681,1888,6169,[],[],https://twitter.com/realDonaldTrump/status/673675346030542848,False,,0,,,,,,,,[],,,,
666235142445408256,666235142445408256,2015-11-16 12:43:30 GMT,2015-11-16,12:43:30,+0000,25073877,realdonaldtrump,Donald J. Trump,,"Remember, I was the one who said attack the oil (ISIS source of wealth) a long time ago. Everyone scoffed, now they're attacking the oil.",en,[],[],[],1290,4903,10490,[],[],https://twitter.com/realDonaldTrump/status/666235142445408256,False,,0,,,,,,,,[],,,,
666021135897653248,666021135897653248,2015-11-15 22:33:07 GMT,2015-11-15,22:33:07,+0000,25073877,realdonaldtrump,Donald J. Trump,,"""@thewatcher23579: One of Paris terrorist came as Syrian refugee. Donald Trump is right again. BOMB THEIR OIL - TAKE AWAY THEIR FUNDING""",en,"[{'screen_name': 'thewatcher23579', 'name': 'the watcher', 'id': '3311690286'}]",[],[],461,1730,3863,[],[],https://twitter.com/realDonaldTrump/status/666021135897653248,False,,0,,,,,,,,[],,,,
665991098549075968,665991098549075968,2015-11-15 20:33:46 GMT,2015-11-15,20:33:46,+0000,25073877,realdonaldtrump,Donald J. Trump,,".@realDonaldTrump on ISIS&amp;OIL FIELDS! Saying it for years! @AndersonCooper, you should acknowledge this! #Trump2016  https://t.co/ocoB9WlP7R",en,"[{'screen_name': 'realdonaldtrump', 'name': 'donald j. trump', 'id': '25073877'}, {'screen_name': 'andersoncooper', 'name': 'anderson cooper', 'id': '15224867'}]",['https://m.youtube.com/watch?v=RtsJ-5_Xz-Q&autoplay=1'],[],281,1145,2313,['trump2016'],[],https://twitter.com/realDonaldTrump/status/665991098549075968,False,,0,,,,,,,,[],,,,
665282108861083648,665282108861083648,2015-11-13 21:36:29 GMT,2015-11-13,21:36:29,+0000,25073877,realdonaldtrump,Donald J. Trump,,They laughed at me when I said to bomb the ISIS controlled oil fields. Now they are not laughing and doing what I said. #Trump2016,en,[],[],[],4124,11837,21534,['trump2016'],[],https://twitter.com/realDonaldTrump/status/665282108861083648,False,,0,,,,,,,,[],,,,
665281923175071745,665281923175071745,2015-11-13 21:35:45 GMT,2015-11-13,21:35:45,+0000,25073877,realdonaldtrump,Donald J. Trump,,Thank you @JakeTapper for giving me credit for my vision on bombing the oil fields. Should have been done long ago. #Trump2016,en,"[{'screen_name': 'jaketapper', 'name': 'jake tapper', 'id': '14529929'}]",[],[],296,1700,4097,['trump2016'],[],https://twitter.com/realDonaldTrump/status/665281923175071745,False,,0,,,,,,,,[],,,,
615487918459723776,615487918459723776,2015-06-29 12:52:09 BST,2015-06-29,12:52:09,+0000,25073877,realdonaldtrump,Donald J. Trump,,"""@BrittainShannon: @realDonaldTrump @AlWaleedbinT Or at least give it back in oil""",en,"[{'screen_name': 'brittainshannon', 'name': 'shann_mann_', 'id': '1389539156'}, {'screen_name': 'realdonaldtrump', 'name': 'donald j. trump', 'id': '25073877'}, {'screen_name': 'alwaleedbint', 'name': 'al-waleed bin talal', 'id': '185460397'}]",[],[],9,39,87,[],[],https://twitter.com/realDonaldTrump/status/615487918459723776,False,,0,,,,,,,,[],,,,
597992288535650304,597992288535650304,2015-05-12 06:10:46 BST,2015-05-12,06:10:46,+0000,25073877,realdonaldtrump,Donald J. Trump,"{'type': 'Point', 'coordinates': [40.7624166, -73.975102]}","""@cerrabella: @realDonaldTrump China to build military base in Africa next to critical choke oil transport- zerohedge  http://t.co/DWbXc80gzv",en,"[{'screen_name': 'cerrabella', 'name': 'cerrabella', 'id': '123099087'}, {'screen_name': 'realdonaldtrump', 'name': 'donald j. trump', 'id': '25073877'}]",['http://www.zerohedge.com/news/2015-05-10/china-open-military-base-horn-africa-next-critical-oil-transit-choke-point'],[],18,36,38,[],[],https://twitter.com/realDonaldTrump/status/597992288535650304,False,,0,,,,,,,,[],,,,
583734218162855938,583734218162855938,2015-04-02 21:54:17 BST,2015-04-02,21:54:17,+0000,25073877,realdonaldtrump,Donald J. Trump,,"Oil is under $50/barrel. Now is the time to increase sanctions against Iran, not lift them. No deal is better than a bad deal. #ArtOfTheDeal",en,[],[],[],148,608,603,['artofthedeal'],[],https://twitter.com/realDonaldTrump/status/583734218162855938,False,,0,,,,,,,,[],,,,
581045346433937408,581045346433937408,2015-03-26 10:49:40 GMT,2015-03-26,10:49:40,+0000,25073877,realdonaldtrump,Donald J. Trump,,"If Saudi Arabia, which has been making one billion dollars a day from oil, wants our help and protection, they must pay dearly! NO FREEBIES.",en,[],[],[],341,1467,1220,[],[],https://twitter.com/realDonaldTrump/status/581045346433937408,False,,0,,,,,,,,[],,,,
568549134841593856,568549134841593856,2015-02-19 23:14:11 GMT,2015-02-19,23:14:11,+0000,25073877,realdonaldtrump,Donald J. Trump,,Via @businessinsider by @BKcolin: ‚ÄúDonald Trump called the White House and offered to help fix the BP oil spill‚Äù  http://t.co/IxOr72MtJ5,en,"[{'screen_name': 'businessinsider', 'name': 'business insider', 'id': '20562637'}, {'screen_name': 'bkcolin', 'name': 'tony davila', 'id': '799706788060798976'}]",['http://www.businessinsider.com/donald-trump-wanted-to-help-fix-the-bp-oil-spill-2015-2#ixzz3SEfZFCwY'],[],29,46,47,[],[],https://twitter.com/realDonaldTrump/status/568549134841593856,False,,0,,,,,,,,[],,,,
558686632778670080,558686632778670080,2015-01-23 18:04:07 GMT,2015-01-23,18:04:07,+0000,25073877,realdonaldtrump,Donald J. Trump,,"With oil below $50, the blighted views by windfarms of historic @CulzeanCastle will be very sad. #SaveCulzean  http://t.co/wQSIPBlv3o",en,"[{'screen_name': 'culzeancastle', 'name': 'culzean castle & country park üè∞üè¥\U000e0067\U000e0062\U000e0073\U000e0063\U000e0074\U000e007ffan', 'id': '1387299036'}]",[],['https://pbs.twimg.com/media/B8DaiBhCAAEm0-J.jpg'],21,30,35,['saveculzean'],[],https://twitter.com/realDonaldTrump/status/558686632778670080,False,,1,https://pbs.twimg.com/media/B8DaiBhCAAEm0-J.jpg,,,,,,,[],,,,
557928540168257538,557928540168257538,2015-01-21 15:51:44 GMT,2015-01-21,15:51:44,+0000,25073877,realdonaldtrump,Donald J. Trump,,"Based on new oil prices, the ugly windfarms being built in Scotland will quickly die! What a mess!",en,[],[],[],56,54,61,[],[],https://twitter.com/realDonaldTrump/status/557928540168257538,False,,0,,,,,,,,[],,,,
557928491073933313,557928491073933313,2015-01-21 15:51:32 GMT,2015-01-21,15:51:32,+0000,25073877,realdonaldtrump,Donald J. Trump,,"If Scotland would have gone independent predicated on $100 - $150 oil, they would now be bust!",en,[],[],[],50,170,122,[],[],https://twitter.com/realDonaldTrump/status/557928491073933313,False,,0,,,,,,,,[],,,,
539401589698867200,539401589698867200,2014-12-01 12:52:15 GMT,2014-12-01,12:52:15,+0000,25073877,realdonaldtrump,Donald J. Trump,,"""@KraftyWurker:  @craig_eaton12 Only one with the courage to speak out on #Iraq intervention in real terms of oil and American interest!""",en,"[{'screen_name': 'kraftywurker', 'name': 'krafty.wurker', 'id': '292629799'}, {'screen_name': 'craig_eaton12', 'name': 'craig eaton', 'id': '2746632381'}]",[],[],4,15,20,['iraq'],[],https://twitter.com/realDonaldTrump/status/539401589698867200,False,,0,,,,,,,,[],,,,
538803587712024577,538803587712024577,2014-11-29 21:16:00 GMT,2014-11-29,21:16:00,+0000,25073877,realdonaldtrump,Donald J. Trump,,"""@KraftyWurker: #Trump is the only potential Presidential candidate who has been demanding and threatening to get lower oil &amp; gas prices.",en,"[{'screen_name': 'kraftywurker', 'name': 'krafty.wurker', 'id': '292629799'}]",[],[],27,29,64,['trump'],[],https://twitter.com/realDonaldTrump/status/538803587712024577,False,,0,,,,,,,,[],,,,
531372695917957120,531372695917957120,2014-11-09 09:08:17 GMT,2014-11-09,09:08:17,+0000,25073877,realdonaldtrump,Donald J. Trump,"{'type': 'Point', 'coordinates': [26.676783, -80.0371467]}","Remember, we don't get any oil from Iraq, China gets whatever ISIS hasn't already taken. So why isn't China sending the troops? Too smart!",en,[],[],[],32,95,106,[],[],https://twitter.com/realDonaldTrump/status/531372695917957120,False,,0,,,,,,,,[],,,,
530912361662926848,530912361662926848,2014-11-08 02:39:05 GMT,2014-11-08,02:39:05,+0000,25073877,realdonaldtrump,Donald J. Trump,,"Do not go back into Iraq unless they agree, in a signed formal instrument, to give the U.S. 50% of their oil reserves.Make the deal dummies!",en,[],[],[],164,405,478,[],[],https://twitter.com/realDonaldTrump/status/530912361662926848,False,,0,,,,,,,,[],,,,
527890202673840128,527890202673840128,2014-10-30 18:30:06 GMT,2014-10-30,18:30:06,+0000,25073877,realdonaldtrump,Donald J. Trump,,Chinese oil trader just bought ‚Äúrecord number‚Äù of Mideast crude  http://t.co/ocwvpfElji  China gains while we fight ISIS. What are we doing?,en,[],['http://www.bloomberg.com/news/2014-10-28/chinese-oil-trader-buys-record-number-of-mideast-cargoes.html#disqus_thread?hootPostID=69bba9a379db6263f0005fb54c720cff'],[],44,75,64,[],[],https://twitter.com/realDonaldTrump/status/527890202673840128,False,,0,,,,,,,,[],,,,
527293685009248256,527293685009248256,2014-10-29 02:59:45 GMT,2014-10-29,02:59:45,+0000,25073877,realdonaldtrump,Donald J. Trump,"{'type': 'Point', 'coordinates': [40.762424, -73.9751568]}","""@TheRealPWeight: You did say that when we leave bad guys will take the oil in Iraq.. ISIS controls a lot of it today. Good foresight.""",en,[],[],[],13,18,42,[],[],https://twitter.com/realDonaldTrump/status/527293685009248256,False,,0,,,,,,,,[],,,,
525741093485559808,525741093485559808,2014-10-24 21:10:19 BST,2014-10-24,21:10:19,+0000,25073877,realdonaldtrump,Donald J. Trump,,"Saudis just cut oil supply,making prices rise ‚Äúimmediately‚Äù while we are fighting ISIS for them  http://t.co/16ewj1tSnK What are we doing!",en,[],['http://www.bloomberg.com/news/2014-10-23/saudi-arabia-said-to-cut-crude-oil-supply-to-market-in-september.html?hootPostID=85412050974d86b20b6b79b103db2107'],[],127,416,230,[],[],https://twitter.com/realDonaldTrump/status/525741093485559808,False,,0,,,,,,,,[],,,,
520201280120455168,520201280120455168,2014-10-09 14:17:04 BST,2014-10-09,14:17:04,+0000,25073877,realdonaldtrump,Donald J. Trump,,"Right now 4000 U.S. troops are stupidly heading to West Africa to help fight Ebola.No help from China, Russia or wealthy African oil nations",en,[],[],[],199,587,460,[],[],https://twitter.com/realDonaldTrump/status/520201280120455168,False,,0,,,,,,,,[],,,,
513021653102919682,513021653102919682,2014-09-19 18:47:48 BST,2014-09-19,18:47:48,+0000,25073877,realdonaldtrump,Donald J. Trump,,China's the leading exporter of Iraqi oil yet they won‚Äôt lift a finger against ISIS. Why should we do the heavy lifting for China‚Äôs gain?,en,[],[],[],90,263,268,[],[],https://twitter.com/realDonaldTrump/status/513021653102919682,False,,0,,,,,,,,[],,,,
512338806306263040,512338806306263040,2014-09-17 21:34:24 BST,2014-09-17,21:34:24,+0000,25073877,realdonaldtrump,Donald J. Trump,,Must read article by @boonepickens &amp; @AmbJohnBolton: ‚ÄúAmerica‚Äôs Untapped Energy Weapon‚Äù  http://t.co/MlCkUYsMPm We don't need foreign oil!,en,"[{'screen_name': 'boonepickens', 'name': 't. boone pickens', 'id': '25330246'}, {'screen_name': 'ambjohnbolton', 'name': 'john bolton', 'id': '118756393'}]",['http://www.politico.com/magazine/story/2014/08/americas-untapped-energy-weapon-109676.html#.VBmzE5RdW8A'],[],13,92,117,[],[],https://twitter.com/realDonaldTrump/status/512338806306263040,False,,0,,,,,,,,[],,,,
509986503129591809,509986503129591809,2014-09-11 09:47:12 BST,2014-09-11,09:47:12,+0000,25073877,realdonaldtrump,Donald J. Trump,,"""@nick2travel: @realDonaldTrump They should pay us FREE OIL for the next 100 years.""",en,"[{'screen_name': 'nick2travel', 'name': 'mr. nicholas', 'id': '1317732242303504384'}, {'screen_name': 'realdonaldtrump', 'name': 'donald j. trump', 'id': '25073877'}]",[],[],9,15,24,[],[],https://twitter.com/realDonaldTrump/status/509986503129591809,False,,0,,,,,,,,[],,,,
509881954326835200,509881954326835200,2014-09-11 02:51:45 BST,2014-09-11,02:51:45,+0000,25073877,realdonaldtrump,Donald J. Trump,,Tell Saudi Arabia and others that we want (demand!) free oil for the next ten years or we will not protect their private Boeing 747s.Pay up!,en,[],[],[],1260,6104,4130,[],[],https://twitter.com/realDonaldTrump/status/509881954326835200,False,,0,,,,,,,,[],,,,
506309963237834752,506309963237834752,2014-09-01 06:17:56 BST,2014-09-01,06:17:56,+0000,25073877,realdonaldtrump,Donald J. Trump,,"""@hardworkinmane: @realDonaldTrump I agree. U would think that with all of that oil money they would create their own fighting force.""",en,"[{'screen_name': 'hardworkinmane', 'name': 'russell kenny', 'id': '2449965555'}, {'screen_name': 'realdonaldtrump', 'name': 'donald j. trump', 'id': '25073877'}]",[],[],7,13,30,[],[],https://twitter.com/realDonaldTrump/status/506309963237834752,False,,0,,,,,,,,[],,,,
496298705805664256,496298705805664256,2014-08-04 15:16:46 BST,2014-08-04,15:16:46,+0000,25073877,realdonaldtrump,Donald J. Trump,,"We should have taken the oil in Iraq, and now our mortal enemies have got it, and with no opposition. Really dumb U.S. pols! I'm so angry!",en,[],[],[],143,242,236,[],[],https://twitter.com/realDonaldTrump/status/496298705805664256,False,,0,,,,,,,,[],,,,
496297121956765697,496297121956765697,2014-08-04 15:10:29 BST,2014-08-04,15:10:29,+0000,25073877,realdonaldtrump,Donald J. Trump,,"Isis terror group has now fully taken over large sections of Iraq, and will soon have control of massive oil reserves. I told you so.",en,[],[],[],114,254,193,[],[],https://twitter.com/realDonaldTrump/status/496297121956765697,False,,0,,,,,,,,[],,,,
495381503204163584,495381503204163584,2014-08-02 02:32:08 BST,2014-08-02,02:32:08,+0000,25073877,realdonaldtrump,Donald J. Trump,,"So many lives and two trillion dollars wasted, and our worst enemies will get the 2nd largest oil reserves in the World. Such stupid leaders",en,[],[],[],107,342,345,[],[],https://twitter.com/realDonaldTrump/status/495381503204163584,False,,0,,,,,,,,[],,,,
495380307911385088,495380307911385088,2014-08-02 02:27:23 BST,2014-08-02,02:27:23,+0000,25073877,realdonaldtrump,Donald J. Trump,,"Just as I have been predicting for years, Iraq will fall to the people that hate  the U.S. the most - just outside of Baghdad.""Keep the oil""",en,[],[],[],51,97,139,[],[],https://twitter.com/realDonaldTrump/status/495380307911385088,False,,0,,,,,,,,[],,,,
492342116455305216,492342116455305216,2014-07-24 17:14:42 BST,2014-07-24,17:14:42,+0000,25073877,realdonaldtrump,Donald J. Trump,,Iran will only get stronger in Iraq with the latest civil war. We should have taken the oil immediately after the invasion.,en,[],[],[],128,138,132,[],[],https://twitter.com/realDonaldTrump/status/492342116455305216,False,,0,,,,,,,,[],,,,
485335806794817536,485335806794817536,2014-07-05 09:14:08 BST,2014-07-05,09:14:08,+0000,25073877,realdonaldtrump,Donald J. Trump,,"""@BackOnTrackUSA: @realDonaldTrump And we shouldn't help Iraq this time unless we get 2 $trillion in free oil, guaranteed in writing.""",en,"[{'screen_name': 'backontrackusa', 'name': 'joseph', 'id': '349114009'}, {'screen_name': 'realdonaldtrump', 'name': 'donald j. trump', 'id': '25073877'}]",[],[],31,70,82,[],[],https://twitter.com/realDonaldTrump/status/485335806794817536,False,,0,,,,,,,,[],,,,
485335571850866688,485335571850866688,2014-07-05 09:13:12 BST,2014-07-05,09:13:12,+0000,25073877,realdonaldtrump,Donald J. Trump,"{'type': 'Point', 'coordinates': [57.2751775, -2.0389876]}","""@woofeous: @realDonaldTrump Typical, I bet the Dems will ""surrender"" the oil over to the Russians &amp; Chinese as payment for our debts, etc.",en,"[{'screen_name': 'woofeous', 'name': 'eli brody4.0', 'id': '1967608022'}, {'screen_name': 'realdonaldtrump', 'name': 'donald j. trump', 'id': '25073877'}]",[],[],9,28,18,[],[],https://twitter.com/realDonaldTrump/status/485335571850866688,False,,0,,,,,,,,[],,,,
485334426176323585,485334426176323585,2014-07-05 09:08:38 BST,2014-07-05,09:08:38,+0000,25073877,realdonaldtrump,Donald J. Trump,"{'type': 'Point', 'coordinates': [57.2751749, -2.0390134]}","""@automobilelens: If ""The Donald"" were in charge we would get enough oil to pay for the war and more! Try to Trump that cowboys!""",en,[],[],[],10,27,34,[],[],https://twitter.com/realDonaldTrump/status/485334426176323585,False,,0,,,,,,,,[],,,,
484921289715376128,484921289715376128,2014-07-04 05:46:59 BST,2014-07-04,05:46:59,+0000,25073877,realdonaldtrump,Donald J. Trump,,"Do these very stupid politicians who got us involved in Iraq look bad, or what? Everybody wants their oil - only made possible by U.S.!",en,[],[],[],51,82,89,[],[],https://twitter.com/realDonaldTrump/status/484921289715376128,False,,0,,,,,,,,[],,,,
484919147910799362,484919147910799362,2014-07-04 05:38:28 BST,2014-07-04,05:38:28,+0000,25073877,realdonaldtrump,Donald J. Trump,,"After foolishly spending two trillion $'s and losing so many great young people, the U.S. will be the only one who won't get the oil in Iraq",en,[],[],[],79,246,205,[],[],https://twitter.com/realDonaldTrump/status/484919147910799362,False,,0,,,,,,,,[],,,,
482210834622738432,482210834622738432,2014-06-26 18:16:36 BST,2014-06-26,18:16:36,+0000,25073877,realdonaldtrump,Donald J. Trump,,"Via Inquisitr ""Donald Trump: Iraq Oil should be seized from ISIS by U.S. Troops in Iraq""    http://t.co/3QST9YfKWc",en,[],['http://bit.ly/1nI6y0j'],[],33,26,30,[],[],https://twitter.com/realDonaldTrump/status/482210834622738432,False,,0,,,,,,,,[],,,,
478681104279277568,478681104279277568,2014-06-17 00:30:43 BST,2014-06-17,00:30:43,+0000,25073877,realdonaldtrump,Donald J. Trump,,"""@Waldrop15w: @Kenny_Wallace @realDonaldTrump Iran controlling Iraq and all of its oil will be everyone's problem"" Our leaders are stupid!",en,"[{'screen_name': 'waldrop15w', 'name': 'alex', 'id': '503365101'}, {'screen_name': 'kenny_wallace', 'name': 'kenny wallace', 'id': '42772641'}, {'screen_name': 'realdonaldtrump', 'name': 'donald j. trump', 'id': '25073877'}]",[],[],13,41,49,[],[],https://twitter.com/realDonaldTrump/status/478681104279277568,False,,0,,,,,,,,[],,,,
477962884979257344,477962884979257344,2014-06-15 00:56:46 BST,2014-06-15,00:56:46,+0000,25073877,realdonaldtrump,Donald J. Trump,,"Iran will convince our incompetent President that they are trying to help us with Iraq, take over the country &amp; oil, and ""O"" will say thanks",en,[],[],[],93,187,204,[],[],https://twitter.com/realDonaldTrump/status/477962884979257344,False,,0,,,,,,,,[],,,,
477952992541278208,477952992541278208,2014-06-15 00:17:28 BST,2014-06-15,00:17:28,+0000,25073877,realdonaldtrump,Donald J. Trump,,"Iran is moving troops into Iraq under the guise that it is helping out. Actually, they will take over Iraq and all of their oil. Stupid U.S.",en,[],[],[],159,419,285,[],[],https://twitter.com/realDonaldTrump/status/477952992541278208,False,,0,,,,,,,,[],,,,
477059623979986944,477059623979986944,2014-06-12 13:07:32 BST,2014-06-12,13:07:32,+0000,25073877,realdonaldtrump,Donald J. Trump,,"I told all of the haters and losers long ago that Iraq would fall, take the OIL or get out fast! Massive waste of lives and trillions of $'s",en,[],[],[],98,361,336,[],[],https://twitter.com/realDonaldTrump/status/477059623979986944,False,,0,,,,,,,,[],,,,
